{
    "name": "root",
    "metadata": {
        "timer_format_version": "0.1.0",
        "start_time_seconds": "1710292224",
        "python_version": "3.10.4 (tags/v3.10.4:9d38120, Mar 23 2022, 23:13:41) [MSC v.1929 64 bit (AMD64)]",
        "command_line_arguments": "C:\\Users\\wit\\IntSys\\ml_agents\\venv\\Scripts\\mlagents-learn maze.yaml --run-id=maze0 --force",
        "mlagents_version": "1.1.0.dev0",
        "mlagents_envs_version": "1.1.0.dev0",
        "communication_protocol_version": "1.5.0",
        "pytorch_version": "2.2.1+cu121",
        "numpy_version": "1.23.5",
        "end_time_seconds": "1710292364"
    },
    "total": 139.70768800000224,
    "count": 1,
    "self": 0.010997300003509736,
    "children": {
        "run_training.setup": {
            "total": 0.0857765999971889,
            "count": 1,
            "self": 0.0857765999971889
        },
        "TrainerController.start_learning": {
            "total": 139.61091410000154,
            "count": 1,
            "self": 0.00014230000306270085,
            "children": {
                "TrainerController._reset_env": {
                    "total": 10.670696400000452,
                    "count": 1,
                    "self": 10.670696400000452
                },
                "TrainerController.advance": {
                    "total": 126.23584299999857,
                    "count": 1,
                    "self": 5.529999907594174e-05,
                    "children": {
                        "env_step": {
                            "total": 126.23578769999949,
                            "count": 1,
                            "self": 126.23577900000237,
                            "children": {
                                "SubprocessEnvManager._take_step": {
                                    "total": 8.699997124494985e-06,
                                    "count": 1,
                                    "self": 8.699997124494985e-06
                                }
                            }
                        }
                    }
                },
                "TrainerController._save_models": {
                    "total": 2.704232399999455,
                    "count": 1,
                    "self": 0.03641159999824595,
                    "children": {
                        "RLTrainer._checkpoint": {
                            "total": 2.667820800001209,
                            "count": 1,
                            "self": 2.667820800001209
                        }
                    }
                }
            }
        }
    }
}